source,target_id,domain,url,checked_at,root_status,final_url,state,root_title,root_binary_sha256,root_content_fingerprint,observation_fingerprint,page_count,robots_status,sitemap_count,entitlement_state,fingerprint_state,dail_state,error
canonical_asset_registry,domain:adluxeplaces.com,adluxeplaces.com,https://adluxeplaces.com/,2026-09-04T22:30:15.021720+00:00,200,https://adluxeplaces.com/,RESPONDING,AdLuxe Places | Place-Based Advertising and Screen Monetization,b9a06d91275a07dbd8177dd75f02eddc5d1953bc9cc5a3e2b430aa7550862426,cea06ff6dbefbd9a950f2b3c0f7c8f3bb33c6ffb587347b51d7eb460ee6e5f0f,171512aa9ee6500efd0d0ab096b5b217561a7671446b3b98a63974d401a4ca6e,1,200,2,RECONCILIATION_REQUIRED,OBSERVED_NOT_CANONICALLY_BOUND,HOLD_DAIL_UNBOUND,
canonical_asset_registry,domain:api.crownthrive.io,api.crownthrive.io,https://api.crownthrive.io/,2026-09-04T22:30:11.312079+00:00,200,https://api.crownthrive.io/login,RESPONDING,Sign in · CrownThrive API Command Center,a75b9bfa5d61a1512212aa1eb07b38f63d57e7b1695bc1baaec40fdddb9e1f82,29e3cf5983c0e00f1c5174bd3a51cc27e3ce5d1e4e53420e325a450098ce0db7,3e338494845d78262eaa09ac5037d26106d82716b189d5cbc9d40ab11931d36c,1,200,2,RECONCILIATION_REQUIRED,OBSERVED_NOT_CANONICALLY_BOUND,HOLD_DAIL_UNBOUND,
canonical_asset_registry,domain:apps.crownthrive.io,apps.crownthrive.io,https://apps.crownthrive.io/,2026-09-04T22:30:12.330249+00:00,404,https://apps.crownthrive.io/,NOT_FOUND,404 Not Found,4c13d452dd5d49671bd93ca32f2b4f85c78e39b6ab0ad1f38d98ed267f8fd896,9700dfc002085349fed459bbf40e017f92600723f71b61924e38bf2780df3592,7d54beab7a2783b3e5c0cbec80f9eb505cd5f97f6ccd22f845b541c42537f74a,1,404,0,RECONCILIATION_REQUIRED,OBSERVED_NOT_CANONICALLY_BOUND,HOLD_DAIL_UNBOUND,HTTPError:404
canonical_asset_registry,domain:beacons.crownthrive.io,beacons.crownthrive.io,https://beacons.crownthrive.io/,2026-09-04T22:30:12.018104+00:00,500,https://beacons.crownthrive.io/,SERVER_ERROR,,04aa488565ab62be7a7509eafec56947b55b5fc05ac84e8e1f0dbe3ee52dacf3,b35b2b6595fbea40c66753f0c576e2ddcca8ac086148d9124d48096dd39651d4,83bd6a6fa199c574432e4214f7a4e19f74bf1290992f4dfd38ad0bc7bfed3a80,1,500,0,RECONCILIATION_REQUIRED,OBSERVED_NOT_CANONICALLY_BOUND,HOLD_DAIL_UNBOUND,HTTPError:500
canonical_asset_registry,beautybrdg.com,beautybrdg.com,https://beautybrdg.com/,2026-09-04T22:30:07.084596+00:00,200,https://crownthrive.io/,RESPONDING,CrownThrive IO: Empower Your Digital Presence | CrownThrive IO | Your Gateway to Streamlined Digital Growth,44444f21aa5ca0dacb6e98d2c2757ae12b9d094e61eea6ebaf561490df2d7775,a4cdc35dde908592ac40765a2cb7dad149a7fca9270ed426a5a0300adf76f1a7,08a883163ecef4b6396369b455ed2e7bb6b770aef0da27a412d8557aec2e10bb,1,200,3,RECONCILIATION_REQUIRED,OBSERVED_NOT_CANONICALLY_BOUND,HOLD_DAIL_UNBOUND,
canonical_asset_registry,bongedout.com,bongedout.com,https://bongedout.com/,2026-09-04T22:28:35.871372+00:00,,https://bongedout.com/,NETWORK_OR_DNS_ERROR,,e3b0c44298fc1c149afbf4c8996fb92427ae41e4649b934ca495991b7852b855,e3b0c44298fc1c149afbf4c8996fb92427ae41e4649b934ca495991b7852b855,379f7ec3935541850774b8053da57021299739fb8e13c76a3d6f0c4fd7f1d0e9,1,,0,RECONCILIATION_REQUIRED,OBSERVED_NOT_CANONICALLY_BOUND,HOLD_DAIL_UNBOUND,URLError:<urlopen error [Errno -3] Temporary failure in name resolution>
canonical_asset_registry,brandcards.co,brandcards.co,https://brandcards.co/,2026-09-04T22:30:39.313284+00:00,200,https://brandcards.co/,RESPONDING,"BrandCards | Your Digital Identity Engine | BrandCards – 100% You, Always!",0fc648f68567d0e1c19340f7455026ca58717e414162f7640ee6e1242703099a,c4393cb5fce813862845649b2af73929167a93a7658779a5bdff4fe8514d52a1,c1effdef4edcac13b674b73fd04d889ec351ef3fcaa7487ff5d373d32455e964,8,200,0,RECONCILIATION_REQUIRED,OBSERVED_NOT_CANONICALLY_BOUND,HOLD_DAIL_UNBOUND,
canonical_asset_registry,chaincliques.com,chaincliques.com,https://chaincliques.com/,2026-09-04T22:28:12.252850+00:00,200,https://chaincliques.com/,RESPONDING,ChainCliques | Blockchain Communities - Home,f7241390439921f5d180b1f8b9607c8cce32336ad4e45dad21e12f1ba9670d86,efa6d8f6ee86486bd9e1135b36d50578a816c2afe9227c3efbefeba161de1119,aab7db1d1a1d9be1b4aa3cb3261025afe38a61a9304c3c86ddd459016bc3d899,8,404,0,RECONCILIATION_REQUIRED,OBSERVED_NOT_CANONICALLY_BOUND,HOLD_DAIL_UNBOUND,
vercel_team_inventory_20260904,ct.vercel.project.chlom-protocol,chlom-protocol.vercel.app,https://chlom-protocol.vercel.app/,2026-09-04T22:30:27.031851+00:00,200,https://chlom-protocol.vercel.app/,RESPONDING,CHLOM Chain Evidence Fabric,b4e4e4f969681d4a83a21ed72a228bc7c0622e3b945817cde80dc876b192079e,005e10696f2f04aea480e3c48ce71b0bccf7ae4a07f3f5714bb174d85488f545,253e115282c7cf6919bb3be3b974e0121c705596711f8597291df31db584e63e,1,404,0,RECONCILIATION_REQUIRED,OBSERVED_NOT_CANONICALLY_BOUND,HOLD_DAIL_UNBOUND,
canonical_asset_registry,chlom.io,chlom.io,https://chlom.io/,2026-09-04T22:27:48.759001+00:00,200,https://chlom.io/cgi-sys/suspendedpage.cgi,HOSTING_SUSPENDED,Account Suspended,b390b23cf000f93c32ca4be6492aafc3ad7e3fab60789e32bc37ef5a5e650c4f,e7a3e2d073e644c5276819f60cd073ada7722ffad67738f4bcf04c88a63826d6,c3c01743990430b6bebd58b75c1e971631fe1973e33b90e27b37060ea345b23f,1,200,2,RECONCILIATION_REQUIRED,OBSERVED_NOT_CANONICALLY_BOUND,HOLD_DAIL_UNBOUND,
canonical_asset_registry,crownaffiliates.com,crownaffiliates.com,https://crownaffiliates.com/,2026-09-04T22:28:23.918176+00:00,,https://crownaffiliates.com/,CRAWLER_EXCEPTION,,e3b0c44298fc1c149afbf4c8996fb92427ae41e4649b934ca495991b7852b855,e3b0c44298fc1c149afbf4c8996fb92427ae41e4649b934ca495991b7852b855,da4eb88d6b0bcccebb86187de7bd7e263a9c5358efc8f33d544a6f57ceb44299,0,,0,RECONCILIATION_REQUIRED,OBSERVED_NOT_CANONICALLY_BOUND,HOLD_DAIL_UNBOUND,ValueError:unknown url type: '/sitemap.xml'
canonical_asset_registry,crownfluence.com,crownfluence.com,https://crownfluence.com/,2026-09-04T22:29:01.592219+00:00,200,https://crownfluence.com/,RESPONDING,CrownFluence - Home,259782e929b033893045fc4a25d50bc7ad305ffbd330ec89cb6e6f947be2fc55,a55183b7be2c0892e7b147809a9a5ee4527a3851781851962babdcd650ac7a35,bb5eacac2be1eb2e17e018a650df15737886af6bc6d53a81acb3fd10062aa8c6,8,404,1,RECONCILIATION_REQUIRED,OBSERVED_NOT_CANONICALLY_BOUND,HOLD_DAIL_UNBOUND,
canonical_asset_registry,domain:crownlinks.bio,crownlinks.bio,https://crownlinks.bio/,2026-09-04T22:30:13.239382+00:00,,https://crownlinks.bio/,NETWORK_OR_DNS_ERROR,,e3b0c44298fc1c149afbf4c8996fb92427ae41e4649b934ca495991b7852b855,e3b0c44298fc1c149afbf4c8996fb92427ae41e4649b934ca495991b7852b855,68f514dd63cf7a2ed51b0470e0653ee81306db644729e1c6ed6b0e0c51811025,1,,0,RECONCILIATION_REQUIRED,OBSERVED_NOT_CANONICALLY_BOUND,HOLD_DAIL_UNBOUND,URLError:<urlopen error [Errno -2] Name or service not known>
canonical_asset_registry,crownlinks.io,crownlinks.io,https://crownlinks.io/,2026-09-04T22:30:03.667368+00:00,200,https://crownthrive.io/,RESPONDING,CrownThrive IO: Empower Your Digital Presence | CrownThrive IO | Your Gateway to Streamlined Digital Growth,c565f4340391c4b5e3d1358ed29f385bd0ff29a17255c7f0cbf60343571aeb56,b868a66495fb103dc88e1222ecee9b7bbc752ed6170189afefa76587d95f848c,10532bfc0ffd6431347f76d1d9e4cc4f83a6e007134dc660e30f334162e3d46c,1,200,3,RECONCILIATION_REQUIRED,OBSERVED_NOT_CANONICALLY_BOUND,HOLD_DAIL_UNBOUND,
canonical_asset_registry,crownlinks.xyz,crownlinks.xyz,https://crownlinks.xyz/,2026-09-04T22:30:02.260784+00:00,200,https://crownthrive.io/,RESPONDING,CrownThrive IO: Empower Your Digital Presence | CrownThrive IO | Your Gateway to Streamlined Digital Growth,df1125b80358cf545fd0e082dc5bfb016c451a3e6cf4a899a5c059ee00a93975,9d9ff76b3d23c2dd268847bccf3deca7a76cd5f4b3be94073e3e74e20af363cc,8ab935be9cb16facf8b1400cf078d9de9c1804234460abca3e823ac86722eecf,1,200,3,RECONCILIATION_REQUIRED,OBSERVED_NOT_CANONICALLY_BOUND,HOLD_DAIL_UNBOUND,
canonical_asset_registry,crownlytics.com,crownlytics.com,https://crownlytics.com/,2026-09-04T22:29:38.903404+00:00,200,https://crownlytics.com/,RESPONDING,"User session analytics | CrownLytics | Data-Driven Decisions, Privacy Assured",5ba3589084221f82093608b986ebeba87e0c111641113f4a32780eeacaf42a4a,656fdcfdf7d7cc565a9503818004ac101213238eef06bd15ca15c9f1f74891cb,3ac50a5a72a89fdf4575b01712b5696dfb1828e763c5488336fa80387131f0d5,8,200,3,RECONCILIATION_REQUIRED,OBSERVED_NOT_CANONICALLY_BOUND,HOLD_DAIL_UNBOUND,
canonical_asset_registry,crownpulse.com,crownpulse.com,https://crownpulse.com/,2026-09-04T22:29:44.006902+00:00,200,https://crownpulse.com/,RESPONDING,CrownPulse | Boost Conversions & Accelerate Growth | CrownPulse | Transform Visitors into Customers with Live Engagement,1d53b56651ae1128e7e4916f56ef01abcd86801a7e5a513febc14e5bd86432ba,ae9faa67e3293f499b178fed8751bb8a9ce24a80d5cc0005f6db3cd763688f43,b74fe41db4a4195a644dae1dc6eeb5d5123d9dea3eb675c177ba0aa200d19f42,8,200,3,RECONCILIATION_REQUIRED,OBSERVED_NOT_CANONICALLY_BOUND,HOLD_DAIL_UNBOUND,
vercel_team_inventory_20260904,ct.vercel.project.crownthrive-os,crownthrive-os.vercel.app,https://crownthrive-os.vercel.app/,2026-09-04T22:30:26.007887+00:00,404,https://crownthrive-os.vercel.app/,NOT_FOUND,404: NOT_FOUND,c315e304e0316850b3be26b8b7343f495996aacbe4ddb1c753026b33700a42af,5039aac9ee0f2617ab32c395e8bed416cec4d5f3eac6ebdfe187eae221015691,199ea61f049a232f8dea2edf0e47fdf0218cbc37c61cd520b485dfb15b9546f6,1,404,0,RECONCILIATION_REQUIRED,OBSERVED_NOT_CANONICALLY_BOUND,HOLD_DAIL_UNBOUND,HTTPError:404
canonical_asset_registry,crownthrive.cafe,crownthrive.cafe,https://crownthrive.cafe/,2026-09-04T22:29:59.471146+00:00,200,https://crownthrive.cafe/,RESPONDING,ThriveCafé - Home,155bc518b5cc411b7964a5a83d9a9fa3b488b5349c7559c641a6d5abfbd7e3c4,aa3fd67722af5de47948afd5502a2adb25695a09e7fbc6b8911d14336b86b2da,61276fc838b4916496102244353ccb7d587f676ac0bc568e7bec9894b03d06e3,8,404,0,RECONCILIATION_REQUIRED,OBSERVED_NOT_CANONICALLY_BOUND,HOLD_DAIL_UNBOUND,
canonical_asset_registry,domain:crownthrive.com,crownthrive.com,https://crownthrive.com/,2026-09-04T22:30:13.865984+00:00,200,https://crownthrive.com/,RESPONDING,CrownThrive | One Seat. Multiple Industries. - Welcome Back!,ff1434c017026f15a5a8c1d730ff56e2a3df30cfa97311bfbae372cee14bd372,cc70a339268527c1761f653294b29f0db63a28585c9bace0966ddd92091efe4f,9c7c92e5ba6d807792a1c5535131eae35fb676092e02d0ef0a3552e0832513b8,8,200,0,RECONCILIATION_REQUIRED,OBSERVED_NOT_CANONICALLY_BOUND,HOLD_DAIL_UNBOUND,
canonical_asset_registry,crownthrive.io,crownthrive.io,https://crownthrive.io/,2026-09-04T22:30:12.546316+00:00,200,https://crownthrive.io/,RESPONDING,CrownThrive IO: Empower Your Digital Presence | CrownThrive IO | Your Gateway to Streamlined Digital Growth,6dfcb7e6f43f9c300210f19b5f5f3359cb9056d7aa8e5918dfab58432faaf831,d3c69051cd939cf185356b02696f55409b0ddc44750e0bb2a6fa75dd56d7dbca,0bce04f4ad5b2e31b18d30d4f4befab44052a4df5ba44c78cba599628e802a65,8,200,3,RECONCILIATION_REQUIRED,OBSERVED_NOT_CANONICALLY_BOUND,HOLD_DAIL_UNBOUND,
canonical_asset_registry,crownthriveu.com,crownthriveu.com,https://crownthriveu.com/,2026-09-04T22:29:54.081289+00:00,200,https://crownthriveu.com/,RESPONDING,Home | CrownThriveU - Empowering Beauty & Wellness Professionals,2e4a4f29cc5109c16a8a035c79d3877f8185c443ec4372c6a2c96fb9b53fad8f,491a89ad6fcb2643c0006a09f553a8cad5a251373f01aa408233aee32507b0fc,dd0ae4173be71426d7358dbad31d7f6af6e29cfec733ad97f6b4fb8e4d5f5123,8,200,0,RECONCILIATION_REQUIRED,OBSERVED_NOT_CANONICALLY_BOUND,HOLD_DAIL_UNBOUND,
canonical_asset_registry,crypacks.com,crypacks.com,https://crypacks.com/,2026-09-04T22:28:35.814929+00:00,,https://crypacks.com/,NETWORK_OR_DNS_ERROR,,e3b0c44298fc1c149afbf4c8996fb92427ae41e4649b934ca495991b7852b855,e3b0c44298fc1c149afbf4c8996fb92427ae41e4649b934ca495991b7852b855,08d7e53bf3fd36a4e330b2b4aec6f9a741acce40a73fc7cead912b75412825c0,1,,0,RECONCILIATION_REQUIRED,OBSERVED_NOT_CANONICALLY_BOUND,HOLD_DAIL_UNBOUND,URLError:<urlopen error [Errno -3] Temporary failure in name resolution>
vercel_team_inventory_20260904,ct.vercel.project.ct-generated-functions-probe-20260904,ct-generated-functions-probe-20260904.vercel.app,https://ct-generated-functions-probe-20260904.vercel.app/,2026-09-04T22:30:28.021756+00:00,404,https://ct-generated-functions-probe-20260904.vercel.app/,NOT_FOUND,404: NOT_FOUND,e3c231257a5e6073f38435880f0d17393f3d3c1c501ad085702c3a8644dff6df,59fa26301705dbbe2863492144d4b1f08141aaa9e8547557bd85f680306b23fb,abd283072db2577de126f416c544722204219417f3e3867ca7ba51759cc54807,1,404,0,RECONCILIATION_REQUIRED,OBSERVED_NOT_CANONICALLY_BOUND,HOLD_DAIL_UNBOUND,HTTPError:404
vercel_team_inventory_20260904,ct.vercel.project.ct-goflipbooks-immersive-canary-20260904,ct-goflipbooks-immersive-canary-20260904.vercel.app,https://ct-goflipbooks-immersive-canary-20260904.vercel.app/,2026-09-04T22:30:27.590778+00:00,404,https://ct-goflipbooks-immersive-canary-20260904.vercel.app/,NOT_FOUND,404: NOT_FOUND,c34363ec2fc4c4455e0e17ac60246aaa0fa84f88adb9fe2562dd569df03cd5d6,3b661696553556accd377570f4e9c1a62955cf5557e1a3af3f57768452456bd9,9536e073bb679c0352b00cfd0ca9bda7694425285251c6811099c4338a847cee,1,404,0,RECONCILIATION_REQUIRED,OBSERVED_NOT_CANONICALLY_BOUND,HOLD_DAIL_UNBOUND,HTTPError:404
vercel_team_inventory_20260904,ct.vercel.project.ct-goflipbooks-immersive-verifier-20260904,ct-goflipbooks-immersive-verifier-20260904.vercel.app,https://ct-goflipbooks-immersive-verifier-20260904.vercel.app/,2026-09-04T22:30:27.499364+00:00,404,https://ct-goflipbooks-immersive-verifier-20260904.vercel.app/,NOT_FOUND,404: NOT_FOUND,5287003192f65c2b7d1613d0f80f6915bde7e3e169eb817f3fa95538c6821938,413c83f627e32661bb52e9278fd3e1a135ca7017d48953802c693beade1cb18d,5e49419890e35b2d621195394af8a939be0dd7a990477c5d1a8d901f9485766c,1,404,0,RECONCILIATION_REQUIRED,OBSERVED_NOT_CANONICALLY_BOUND,HOLD_DAIL_UNBOUND,HTTPError:404
vercel_team_inventory_20260904,ct.vercel.project.ct-goflipbooks-release-bridge-20260904,ct-goflipbooks-release-bridge-20260904.vercel.app,https://ct-goflipbooks-release-bridge-20260904.vercel.app/,2026-09-04T22:30:28.132268+00:00,404,https://ct-goflipbooks-release-bridge-20260904.vercel.app/,NOT_FOUND,404: NOT_FOUND,2f438fd2ea4c606ad852e3d33305b85bffe4beb4cdaa18b227999fb73de1fede,72c356f12fcbe631233c0635c40446aee71f7067a10846e157e4ecc0316f7829,a2bc87cb3be1b907ad3e8c00e8576e4580e959c9c439521d7d5e473d9c0d4e93,1,404,0,RECONCILIATION_REQUIRED,OBSERVED_NOT_CANONICALLY_BOUND,HOLD_DAIL_UNBOUND,HTTPError:404
canonical_asset_registry,ct.asset.web.domains-musiqhead-subdomain.v1,domains.musiqhead.com,https://domains.musiqhead.com/,2026-09-04T22:30:20.559830+00:00,,https://domains.musiqhead.com/,NETWORK_OR_DNS_ERROR,,e3b0c44298fc1c149afbf4c8996fb92427ae41e4649b934ca495991b7852b855,e3b0c44298fc1c149afbf4c8996fb92427ae41e4649b934ca495991b7852b855,73dc8e56184c903768c4a5c11f58963747df59835c53df8209cc477bd0dc24e0,1,,0,RECONCILIATION_REQUIRED,OBSERVED_NOT_CANONICALLY_BOUND,HOLD_DAIL_UNBOUND,URLError:<urlopen error [Errno -2] Name or service not known>
canonical_asset_registry,findcliques.com,findcliques.com,https://findcliques.com/,2026-09-04T22:28:23.550250+00:00,200,https://findcliques.com/,RESPONDING,FindCliques | Connecting Communities. - Home,43ec78b1bdca8664ba479f99a0ae66c37833bc51b71e5d974fc7300c75babb75,d7965d9bdefab25a81ea1df8f612372fd0088b18a076af38b194dc6cd1c762be,a855e9bfb7646ff378087c07921ee61a8af4384e123a5394809cb6a3ef2376df,8,404,0,RECONCILIATION_REQUIRED,OBSERVED_NOT_CANONICALLY_BOUND,HOLD_DAIL_UNBOUND,
canonical_asset_registry,gagtissuepaper.com,gagtissuepaper.com,https://gagtissuepaper.com/,2026-09-04T22:28:38.996112+00:00,,https://gagtissuepaper.com/,NETWORK_OR_DNS_ERROR,,e3b0c44298fc1c149afbf4c8996fb92427ae41e4649b934ca495991b7852b855,e3b0c44298fc1c149afbf4c8996fb92427ae41e4649b934ca495991b7852b855,d17fbcc978d20f6295b0886e7bb32198edab951a2611e81281f607a80b40c55f,1,,0,RECONCILIATION_REQUIRED,OBSERVED_NOT_CANONICALLY_BOUND,HOLD_DAIL_UNBOUND,URLError:<urlopen error [Errno -3] Temporary failure in name resolution>
canonical_asset_registry,gentsgrowth.com,gentsgrowth.com,https://gentsgrowth.com/,2026-09-04T22:30:04.021647+00:00,200,https://crownthrive.io/,RESPONDING,CrownThrive IO: Empower Your Digital Presence | CrownThrive IO | Your Gateway to Streamlined Digital Growth,addc8afe2e8c87c5793003389387ee489405af6751bc09bb829fa23069b71d96,e4a4483b2888f2cc4dcef3d1dc0a41906bd9de2463331b834cb01f8799e5ae59,0346181f20749e42208ae26c8fdd2ae941993e65693a9cea7c59cd908524dec2,1,200,3,RECONCILIATION_REQUIRED,OBSERVED_NOT_CANONICALLY_BOUND,HOLD_DAIL_UNBOUND,
vercel_alias_readback_20260904,ct.platform.go-flipbooks.alias,go-flipbooks-crownthrive-os.vercel.app,https://go-flipbooks-crownthrive-os.vercel.app/,2026-09-04T22:30:31.853503+00:00,200,https://vercel.com/login?next=%2Fsso-api%3Furl%3Dhttps%253A%252F%252Fgo-flipbooks-crownthrive-os.vercel.app%252F%26nonce%3D4d0b4b172c54ca99b1d7b222bdc7bd6e12c62ff51e0205e298d2585422f8510f,RESPONDING,Login – Vercel,28b1f7c3fa89633e252ed9031eb3fc5e24d8c4998f328d8b0195bd58c029f187,ecb3c4cc1a0d88b20edc35a70202c59c8bf34bdb333eda1c0ae9c35092af9d40,f9b3b08ca5a0f45ee2e06b14175be1aa8c30b2d039612fe863cce965c0e92c4c,1,200,2,RECONCILIATION_REQUIRED,OBSERVED_NOT_CANONICALLY_BOUND,HOLD_DAIL_UNBOUND,
vercel_team_inventory_20260904,ct.vercel.project.go-flipbooks-deploy-probe-20260904,go-flipbooks-deploy-probe-20260904.vercel.app,https://go-flipbooks-deploy-probe-20260904.vercel.app/,2026-09-04T22:30:28.378792+00:00,404,https://go-flipbooks-deploy-probe-20260904.vercel.app/,NOT_FOUND,404: NOT_FOUND,9a9141572fcdd5d3f6f70d6073a50d80220e9dcb463a5d7f6605f3fec46dbb5a,4cd1c89639a337b69598f344e2c68baa99048cfc152764c7609b849211292c0f,5f2dbc102c5a4ba34c3944e68bd2caa10f5d0d9b61546ec8443b95c0efe0872b,1,404,0,RECONCILIATION_REQUIRED,OBSERVED_NOT_CANONICALLY_BOUND,HOLD_DAIL_UNBOUND,HTTPError:404
vercel_team_inventory_20260904,ct.vercel.project.go-flipbooks-real3d-runtime-probe-20260904,go-flipbooks-real3d-runtime-probe-20260904.vercel.app,https://go-flipbooks-real3d-runtime-probe-20260904.vercel.app/,2026-09-04T22:30:23.397788+00:00,404,https://go-flipbooks-real3d-runtime-probe-20260904.vercel.app/,NOT_FOUND,404: NOT_FOUND,a0fc09c80c6a2fef205ae99029d213fdf7bf5813ec7f47ce27f3a36942120000,c89a50fa0518e77e066962d087440b6b47eb5ffe46ae1b74bba6e3cac8850709,3fe5c3d08fc8d238339129eb2229bfb8c2db60782c3928696278b713b5ff6b48,1,404,0,RECONCILIATION_REQUIRED,OBSERVED_NOT_CANONICALLY_BOUND,HOLD_DAIL_UNBOUND,HTTPError:404
vercel_team_inventory_20260904,ct.vercel.project.go-flipbooks-release-probe-20260904,go-flipbooks-release-probe-20260904.vercel.app,https://go-flipbooks-release-probe-20260904.vercel.app/,2026-09-04T22:30:25.401251+00:00,200,https://go-flipbooks-release-probe-20260904.vercel.app/,RESPONDING,Go Flipbooks Release Probe,c3bb022097048254ce8a8dc701f0e1cc883c2e27dd90ed8c561fa8fd658ffd79,881f4b5a3e2bdfab377f4078dfba336e967ae6b6ffb6a71a93ef62bfee3eba4d,24f815d2215a58f4fa9dd53a8642e7cd3895506d98186a379d677a6d30fe986c,1,404,0,RECONCILIATION_REQUIRED,OBSERVED_NOT_CANONICALLY_BOUND,HOLD_DAIL_UNBOUND,
vercel_team_inventory_20260904,ct.vercel.project.go-flipbooks-router-probe-20260904,go-flipbooks-router-probe-20260904.vercel.app,https://go-flipbooks-router-probe-20260904.vercel.app/,2026-09-04T22:30:25.686049+00:00,200,https://vercel.com/login?next=%2Fsso-api%3Furl%3Dhttps%253A%252F%252Fgo-flipbooks-qcwelk5fv-crownthrive-os.vercel.app%252F%26nonce%3D707dcefb1a8f04e0d73b67af1dbab51ab0717b4db40bcacab2f7c5f69751eceb,RESPONDING,Login – Vercel,c858da07ff03486058772e9f27b5df7487ffe5b8f9afadee25612bddb4feb598,17884c595d45c5be3138d4f4631607a77e945bb4fc77c7ce77c4eadf156a6e15,0ad118001a4633130329aef9f35dcd70ff8cb91448fd04f5232d6bfe9cf913f4,1,200,2,RECONCILIATION_REQUIRED,OBSERVED_NOT_CANONICALLY_BOUND,HOLD_DAIL_UNBOUND,
vercel_team_inventory_20260904,ct.vercel.project.go-flipbooks-schema-probe,go-flipbooks-schema-probe.vercel.app,https://go-flipbooks-schema-probe.vercel.app/,2026-09-04T22:30:29.102398+00:00,200,https://go-flipbooks-schema-probe.vercel.app/,RESPONDING,Go Flipbooks deploy schema probe,9168c3d6f9c725262a47813015ea4790411964ad82516ac87557558d478faa1a,9e7508148964492633b4b1a79b0dd4c768102c359d8a33056142edd6228d3760,911e4ba0265592cc95951c87c6768e5a764f63ac82242ec193c571868fd02382,1,404,0,RECONCILIATION_REQUIRED,OBSERVED_NOT_CANONICALLY_BOUND,HOLD_DAIL_UNBOUND,
vercel_team_inventory_20260904,ct.vercel.project.go-flipbooks-tar-build-probe,go-flipbooks-tar-build-probe.vercel.app,https://go-flipbooks-tar-build-probe.vercel.app/,2026-09-04T22:30:28.655983+00:00,200,https://go-flipbooks-tar-build-probe.vercel.app/,RESPONDING,,47ecb3939818110b63ecf26581bd1321052d5a7cc60ed8567911a22588090385,b031a185c1af1bca4aaefccdf411f1bf97930fe18c3ea04262f9a74fd65149ba,7dac572396d2f85f4ccde7c1f9455f7d1bf2a0142c954ecad3c254bdcb1a7a6b,1,404,0,RECONCILIATION_REQUIRED,OBSERVED_NOT_CANONICALLY_BOUND,HOLD_DAIL_UNBOUND,
vercel_team_inventory_20260904,ct.vercel.project.go-flipbooks-v7-stage,go-flipbooks-v7-stage.vercel.app,https://go-flipbooks-v7-stage.vercel.app/,2026-09-04T22:30:22.875860+00:00,200,https://go-flipbooks-v7-stage.vercel.app/,RESPONDING,Go Flipbooks V7 staging transport,e69504815819ceb5761d24710ef771fd0c6f11b7162e9a3120d01c34cb0adb3a,51e569d652f9f07ce2d4397dd1b3bf0246338356be331a9095fcfd58e622f101,b78bc5f2eacd89ce8ab71fe358c3c30c0af8c80aed76ec24f71e5000e18676c9,1,404,0,RECONCILIATION_REQUIRED,OBSERVED_NOT_CANONICALLY_BOUND,HOLD_DAIL_UNBOUND,
vercel_team_inventory_20260904,ct.vercel.project.go-flipbooks,go-flipbooks.vercel.app,https://go-flipbooks.vercel.app/,2026-09-04T22:30:27.687872+00:00,200,https://go-flipbooks.vercel.app/,RESPONDING,Go Flipbooks™ — Pages that move. Rights that stay yours.,dc7619f53f7eccc386bb6a792bb9e5d5881098695516c6d3e141a51bf97edc2f,5246934ef2a7ac1e9f93e8ab452024504a533b9f4074034853460b5749c2832d,387661db7084c445e66bbdcb5acb419b6481e106a9d530f641f6a864ae0c560b,8,200,1,RECONCILIATION_REQUIRED,OBSERVED_NOT_CANONICALLY_BOUND,HOLD_DAIL_UNBOUND,
canonical_asset_registry,goflipbooks.com,goflipbooks.com,https://goflipbooks.com/,2026-09-04T22:29:09.571755+00:00,,https://goflipbooks.com/,NETWORK_OR_DNS_ERROR,,e3b0c44298fc1c149afbf4c8996fb92427ae41e4649b934ca495991b7852b855,e3b0c44298fc1c149afbf4c8996fb92427ae41e4649b934ca495991b7852b855,b73a2c13141c44744bfdee955ac1f719321b2180eb86efcc89af9d2a5b3b6b5d,1,,0,RECONCILIATION_REQUIRED,OBSERVED_NOT_CANONICALLY_BOUND,HOLD_DAIL_UNBOUND,URLError:<urlopen error [Errno -3] Temporary failure in name resolution>
canonical_asset_registry,goodshitonly.com,goodshitonly.com,https://goodshitonly.com/,2026-09-04T22:27:51.254638+00:00,200,https://goodshitonly.com/,RESPONDING,Good Shit Only™ | Culture Worth Buying. Creators Worth Backing. - GSO Marketplace | Good Shit Only™ by CrownThrive,93805514b2c65953043979ccf5d8b983dd55165cec0a015b536a302b8beea7ae,75eff00beb8d822158504258d086362f4dc93347407f5abc87c0a5199a995d90,ff201747eb9deb7cdaa8e42800b7c8c9a610570ad6672b306f9ab43ce6e9ad18,8,200,1,RECONCILIATION_REQUIRED,OBSERVED_NOT_CANONICALLY_BOUND,HOLD_DAIL_UNBOUND,
canonical_asset_registry,ct.asset.domain.imanimaries.com.v1,imanimaries.com,https://imanimaries.com/,2026-09-04T22:30:21.495960+00:00,,https://imanimaries.com/,NETWORK_OR_DNS_ERROR,,e3b0c44298fc1c149afbf4c8996fb92427ae41e4649b934ca495991b7852b855,e3b0c44298fc1c149afbf4c8996fb92427ae41e4649b934ca495991b7852b855,042f22fa717daa64af5d10fd00963a45c2c96ea81082fe622dfdd31d252dccb6,1,,0,RECONCILIATION_REQUIRED,OBSERVED_NOT_CANONICALLY_BOUND,HOLD_DAIL_UNBOUND,URLError:<urlopen error [Errno -2] Name or service not known>
canonical_asset_registry,kamora360.com,kamora360.com,https://kamora360.com/,2026-09-04T22:29:26.060094+00:00,,https://kamora360.com/,NETWORK_OR_DNS_ERROR,,e3b0c44298fc1c149afbf4c8996fb92427ae41e4649b934ca495991b7852b855,e3b0c44298fc1c149afbf4c8996fb92427ae41e4649b934ca495991b7852b855,be367bf5ea8a34416d45c41c3a6d57a9dee78a8658b3026497aacf1512f8ad20,1,,0,RECONCILIATION_REQUIRED,OBSERVED_NOT_CANONICALLY_BOUND,HOLD_DAIL_UNBOUND,URLError:<urlopen error [Errno -3] Temporary failure in name resolution>
canonical_asset_registry,kamoracrm.com,kamoracrm.com,https://kamoracrm.com/,2026-09-04T22:29:36.312067+00:00,,https://kamoracrm.com/,NETWORK_OR_DNS_ERROR,,e3b0c44298fc1c149afbf4c8996fb92427ae41e4649b934ca495991b7852b855,e3b0c44298fc1c149afbf4c8996fb92427ae41e4649b934ca495991b7852b855,7881dc29bec6b32790dc4e309d3674bf4f91409f6876f96abffc54c9a360bcd0,1,,0,RECONCILIATION_REQUIRED,OBSERVED_NOT_CANONICALLY_BOUND,HOLD_DAIL_UNBOUND,URLError:<urlopen error timed out>
canonical_asset_registry,keneticreleaf.com,keneticreleaf.com,https://keneticreleaf.com/,2026-09-04T22:27:46.534052+00:00,,https://keneticreleaf.com/,NETWORK_OR_DNS_ERROR,,e3b0c44298fc1c149afbf4c8996fb92427ae41e4649b934ca495991b7852b855,e3b0c44298fc1c149afbf4c8996fb92427ae41e4649b934ca495991b7852b855,53f386cbb22df3c2ce6eeae99073316af7781976bfe4d60357fc6cc1e197731b,1,,0,RECONCILIATION_REQUIRED,OBSERVED_NOT_CANONICALLY_BOUND,HOLD_DAIL_UNBOUND,URLError:<urlopen error [Errno -2] Name or service not known>
canonical_asset_registry,keneticrelief.com,keneticrelief.com,https://keneticrelief.com/,2026-09-04T22:27:46.811954+00:00,,https://keneticrelief.com/,NETWORK_OR_DNS_ERROR,,e3b0c44298fc1c149afbf4c8996fb92427ae41e4649b934ca495991b7852b855,e3b0c44298fc1c149afbf4c8996fb92427ae41e4649b934ca495991b7852b855,50e712dab251b31a6bdfcec19d574668e895cbdfdc4df298de992ed9c90d3148,1,,0,RECONCILIATION_REQUIRED,OBSERVED_NOT_CANONICALLY_BOUND,HOLD_DAIL_UNBOUND,URLError:<urlopen error [Errno -2] Name or service not known>
canonical_asset_registry,domain:kjvsermontoolkit.crownthrive.com,kjvsermontoolkit.crownthrive.com,https://kjvsermontoolkit.crownthrive.com/,2026-09-04T22:30:21.590152+00:00,200,https://kjvsermontoolkit.crownthrive.com/,RESPONDING,KJV Visualized | The Word. Now See It.,5a6b341757d4ac44d29e431594b9cb54d2d1fa2800cade33596d1ae623b07602,9933d99844368d1ade6776ebd1c2f715cf11bca542822bead0f2cef6371c003e,d915c1e0de51dcdf15f7970b52174237af9b0907b4d07d1411ccd6c9149f13ca,8,200,2,RECONCILIATION_REQUIRED,OBSERVED_NOT_CANONICALLY_BOUND,HOLD_DAIL_UNBOUND,
canonical_asset_registry,locticians.club,locticians.club,https://locticians.club/,2026-09-04T22:30:35.426569+00:00,,https://locticians.club/,NETWORK_OR_DNS_ERROR,,e3b0c44298fc1c149afbf4c8996fb92427ae41e4649b934ca495991b7852b855,e3b0c44298fc1c149afbf4c8996fb92427ae41e4649b934ca495991b7852b855,05b427ac7668541e9bf40f3a47097a055dbacafbfc191da64424943f744580ae,1,,0,RECONCILIATION_REQUIRED,OBSERVED_NOT_CANONICALLY_BOUND,HOLD_DAIL_UNBOUND,URLError:<urlopen error [Errno -3] Temporary failure in name resolution>
canonical_asset_registry,site:locticians.com,locticians.com,https://locticians.com/,2026-09-04T22:30:16.968910+00:00,403,https://locticians.com/,AUTH_OR_ACCESS_RESTRICTED,Just a moment...,c615a94b0ecebd6dad45b8a483f6c4a7a65d1eefd6442f1fdcd02787659fb4e7,77412767d92579f966081b63239d6c7fff81b316645d9c9c8787f0b11177da83,639ffd9c8943053f8b29e61ac11da91c1d8ed202007764e20f1f48c42ee9045e,1,200,0,RECONCILIATION_REQUIRED,OBSERVED_NOT_CANONICALLY_BOUND,HOLD_DAIL_UNBOUND,HTTPError:403
canonical_asset_registry,locticians.org,locticians.org,https://locticians.org/,2026-09-04T22:30:36.058071+00:00,,https://locticians.org/,NETWORK_OR_DNS_ERROR,,e3b0c44298fc1c149afbf4c8996fb92427ae41e4649b934ca495991b7852b855,e3b0c44298fc1c149afbf4c8996fb92427ae41e4649b934ca495991b7852b855,6978fecb79b20994bb88b6783956757fc1c0e85b091a1af69cea93986558e053,1,,0,RECONCILIATION_REQUIRED,OBSERVED_NOT_CANONICALLY_BOUND,HOLD_DAIL_UNBOUND,URLError:<urlopen error [Errno -3] Temporary failure in name resolution>
canonical_asset_registry,luxperiences.com,luxperiences.com,https://luxperiences.com/,2026-09-04T22:29:11.744929+00:00,200,https://luxperiences.com/,RESPONDING,Luxperiences | Vacation Rental Script,b1fb63f27d8655343a262d0faf88cae8667c6312c2c28bc47571d037be8b4102,5656feb74dab14e84c5a77a861838311d398fde1567644fec7e31e951e38988c,85950e92076e123c7d8fc485309226377939c0b43496f0af65aaf2e7636d07a2,8,404,0,RECONCILIATION_REQUIRED,OBSERVED_NOT_CANONICALLY_BOUND,HOLD_DAIL_UNBOUND,
canonical_asset_registry,ct.asset.surface.web.lyftedsociety.com.v1,lyftedsociety.com,https://lyftedsociety.com/,2026-09-04T22:30:28.595045+00:00,200,https://lyftedsociety.com/,RESPONDING,"Lyfted Society – Where Creators Earn, Communities Grow, and Culture Thrives world View Count Icon Post",0512c8af55f7d5c1134b63ef61f5b7811951a5c52257ee3c88897ae02a9f19dc,11ccc022279c2b831b12f03e76213719ca9824e207e4a3b0ad9071dde70c03f7,a81f6612a66213ed3811cf3a30ca90a87b9be9f87b2e560ad14c1102815cf5a7,8,404,0,RECONCILIATION_REQUIRED,OBSERVED_NOT_CANONICALLY_BOUND,HOLD_DAIL_UNBOUND,
canonical_asset_registry,melanatedvoices.com,melanatedvoices.com,https://melanatedvoices.com/,2026-09-04T22:29:48.090368+00:00,200,https://soundcloud.com/crownthrive?ref=clipboard&p=a&c=1&si=34f717742ee24b77bd69f5ecc3d2f662&utm_source=clipboard&utm_medium=text&utm_campaign=social_sharing,RESPONDING,"Stream Virality Music by CrownThrive music | Listen to songs, albums, playlists for free on SoundCloud",0ab49dc2297d3f91cb53c8cab50f73bec84c7ac8af1f0c73df869874b940ed7d,bf80da9e53fafb50eb40a8a3714b1a09c1678b1372beca272a0e527e14bf3cb9,4464a3e4929902720843d9e8616a820bfab93391c3d93064f1f23ab9252dcabf,1,404,0,RECONCILIATION_REQUIRED,OBSERVED_NOT_CANONICALLY_BOUND,HOLD_DAIL_UNBOUND,
canonical_asset_registry,melaninmagicsuites.com,melaninmagicsuites.com,https://melaninmagicsuites.com/,2026-09-04T22:30:01.962869+00:00,,https://melaninmagicsuites.com/,NETWORK_OR_DNS_ERROR,,e3b0c44298fc1c149afbf4c8996fb92427ae41e4649b934ca495991b7852b855,e3b0c44298fc1c149afbf4c8996fb92427ae41e4649b934ca495991b7852b855,753797e1c12da93ee9cfdada8856bd23fea648a4631888f778b2824910c5c46a,1,,0,RECONCILIATION_REQUIRED,OBSERVED_NOT_CANONICALLY_BOUND,HOLD_DAIL_UNBOUND,URLError:<urlopen error [Errno -3] Temporary failure in name resolution>
canonical_asset_registry,ct.asset.domain.musiqhead.com.v1,musiqhead.com,https://musiqhead.com/,2026-09-04T22:30:19.743786+00:00,200,https://musiqhead.com/,RESPONDING,musiqhead.com,550675ecc96812a3e7263883c24cb8275b5197cecd730b2eac23af68a2c24bfd,ad4e7b3d1b10c765c1fd6572a52b1689fb7ae724b31978d6792366e768243641,3112cdb88c371f90f36cc6bd65acc2c88866d1fdb701e565a06232abd9a40661,2,200,1,RECONCILIATION_REQUIRED,OBSERVED_NOT_CANONICALLY_BOUND,HOLD_DAIL_UNBOUND,
canonical_asset_registry,ct.asset.domain.musiqheadmerch.com.v1,musiqheadmerch.com,https://musiqheadmerch.com/,2026-09-04T22:30:21.210403+00:00,,https://musiqheadmerch.com/,NETWORK_OR_DNS_ERROR,,e3b0c44298fc1c149afbf4c8996fb92427ae41e4649b934ca495991b7852b855,e3b0c44298fc1c149afbf4c8996fb92427ae41e4649b934ca495991b7852b855,d84e72305ad8a9ce40f871c444efd6ef6064a0d6fe712f1ce030b2161c1b3211,1,,0,RECONCILIATION_REQUIRED,OBSERVED_NOT_CANONICALLY_BOUND,HOLD_DAIL_UNBOUND,URLError:<urlopen error [Errno -2] Name or service not known>
canonical_asset_registry,ct.asset.domain.musiqheadradio.com.v1,musiqheadradio.com,https://musiqheadradio.com/,2026-09-04T22:30:20.992875+00:00,,https://musiqheadradio.com/,NETWORK_OR_DNS_ERROR,,e3b0c44298fc1c149afbf4c8996fb92427ae41e4649b934ca495991b7852b855,e3b0c44298fc1c149afbf4c8996fb92427ae41e4649b934ca495991b7852b855,87815e6a6eb771080e71404f9960a777dfb72b3d6fb9afaa24d298cb784e6e07,1,,0,RECONCILIATION_REQUIRED,OBSERVED_NOT_CANONICALLY_BOUND,HOLD_DAIL_UNBOUND,URLError:<urlopen error [Errno -2] Name or service not known>
canonical_asset_registry,musiqheads.com,musiqheads.com,https://musiqheads.com/,2026-09-04T22:27:46.038256+00:00,,https://musiqheads.com/,NETWORK_OR_DNS_ERROR,,e3b0c44298fc1c149afbf4c8996fb92427ae41e4649b934ca495991b7852b855,e3b0c44298fc1c149afbf4c8996fb92427ae41e4649b934ca495991b7852b855,d9200ee16b8949e396a7e984c1540ac56ba7f7db65a584a895bb216139f0c051,1,,0,RECONCILIATION_REQUIRED,OBSERVED_NOT_CANONICALLY_BOUND,HOLD_DAIL_UNBOUND,URLError:<urlopen error [Errno -2] Name or service not known>
canonical_asset_registry,ct.asset.web.musiqlinq-musiqhead-subdomain.v1,musiqlinq.musiqhead.com,https://musiqlinq.musiqhead.com/,2026-09-04T22:30:22.321420+00:00,,https://musiqlinq.musiqhead.com/,NETWORK_OR_DNS_ERROR,,e3b0c44298fc1c149afbf4c8996fb92427ae41e4649b934ca495991b7852b855,e3b0c44298fc1c149afbf4c8996fb92427ae41e4649b934ca495991b7852b855,432ad05e677c786855bdba5942178ddfa950e442cc40edb3bf75236c866c1190,1,,0,RECONCILIATION_REQUIRED,OBSERVED_NOT_CANONICALLY_BOUND,HOLD_DAIL_UNBOUND,URLError:<urlopen error [Errno -2] Name or service not known>
canonical_asset_registry,musiqnation.com,musiqnation.com,https://musiqnation.com/,2026-09-04T22:27:46.124970+00:00,,https://musiqnation.com/,NETWORK_OR_DNS_ERROR,,e3b0c44298fc1c149afbf4c8996fb92427ae41e4649b934ca495991b7852b855,e3b0c44298fc1c149afbf4c8996fb92427ae41e4649b934ca495991b7852b855,807948880be61a27a021713ecf4b22422af8711085baa38d0bd8a5037f99dfa3,1,,0,RECONCILIATION_REQUIRED,OBSERVED_NOT_CANONICALLY_BOUND,HOLD_DAIL_UNBOUND,URLError:<urlopen error [Errno -2] Name or service not known>
canonical_asset_registry,ct.asset.web.musiqnation-musiqhead-subdomain.v1,musiqnation.musiqhead.com,https://musiqnation.musiqhead.com/,2026-09-04T22:30:20.204888+00:00,,https://musiqnation.musiqhead.com/,NETWORK_OR_DNS_ERROR,,e3b0c44298fc1c149afbf4c8996fb92427ae41e4649b934ca495991b7852b855,e3b0c44298fc1c149afbf4c8996fb92427ae41e4649b934ca495991b7852b855,6b7f8ef44f66d6d9f3941e5ee131ded6d5da1b9e8508af35a34baed44970a442,1,,0,RECONCILIATION_REQUIRED,OBSERVED_NOT_CANONICALLY_BOUND,HOLD_DAIL_UNBOUND,URLError:<urlopen error [Errno -2] Name or service not known>
canonical_asset_registry,mycrownoasis.com,mycrownoasis.com,https://mycrownoasis.com/,2026-09-04T22:28:50.517663+00:00,200,https://mycrownoasis.com/,RESPONDING,CrownOasis - Home,ac47c8586ce04ad4df64e10b33e404e47129ebe93aab6f1eb8f4054c57bbaa86,6d9103918a64d6456a03de32eba55dac79397e7790fa16e6e4af5d740b9cacfc,814dda665ceab7ff302f7e6fe6e618a08330d5d9524a9d2db33f73a77bd6cb41,8,404,0,RECONCILIATION_REQUIRED,OBSERVED_NOT_CANONICALLY_BOUND,HOLD_DAIL_UNBOUND,
canonical_asset_registry,mycrownrewards.com,mycrownrewards.com,https://mycrownrewards.com/,2026-09-04T22:30:09.260193+00:00,200,https://mycrownrewards.com/en-us,RESPONDING,My CrownRewards | Built on Culture. Powered by Loyalty.,2b62d02ce27a56e32578a39949c1bd896bcb45ae1ae227c83ffdd9afd2f508e8,d401571a7f7077210a90474cefab752f834f8ebf4be5873bc27b5ddc0fbf8f15,91ae94f91ee46148c0c8c7f7ed6a0e35d2c162a77c2ab01c072c88c183955cc4,8,200,0,RECONCILIATION_REQUIRED,OBSERVED_NOT_CANONICALLY_BOUND,HOLD_DAIL_UNBOUND,
canonical_asset_registry,mywellnesspath.me,mywellnesspath.me,https://mywellnesspath.me/,2026-09-04T22:29:58.107356+00:00,200,https://crownthrive.io/,RESPONDING,CrownThrive IO: Empower Your Digital Presence | CrownThrive IO | Your Gateway to Streamlined Digital Growth,5f86d4b52030dcd755c4e899d9ed74b3458c6bee5e90e340d050a4a9e610072d,cb40fb2559110a645a3226d2f3663de0821cf081b8c50500986168f2de9edb19,06f2b5831a43b0ef4bd8ac2b83b6938e21e2b9a16e52110e6b79109f5bb3740f,1,200,3,RECONCILIATION_REQUIRED,OBSERVED_NOT_CANONICALLY_BOUND,HOLD_DAIL_UNBOUND,
canonical_asset_registry,domain:naturalhair.me,naturalhair.me,https://naturalhair.me/,2026-09-04T22:30:16.689217+00:00,200,https://crownthrive.io/,RESPONDING,CrownThrive IO: Empower Your Digital Presence | CrownThrive IO | Your Gateway to Streamlined Digital Growth,98f7bcfbd247ada4964c01df4e64148b53cc24d480cf6580126ffe4ed438db05,0298fb6735b6b714571554ec8b6dcf15a68a467b769afc1839d0595e871f9a7a,9ee34408a9e38c917b285c15231826f07f771f742cca8f62d24ba456669d4cd6,1,200,3,RECONCILIATION_REQUIRED,OBSERVED_NOT_CANONICALLY_BOUND,HOLD_DAIL_UNBOUND,
canonical_asset_registry,domain:neuralcraft.crownthrive.com,neuralcraft.crownthrive.com,https://neuralcraft.crownthrive.com/,2026-09-04T22:31:13.278038+00:00,200,https://neuralcraft.crownthrive.com/guest,RESPONDING,NeuralCraft,e8e29fed9b57f958659e87edbf6318545e5b82d93ad9a8d6f9f61c43021d22dc,774d9a4dc121ff598ea1d52fa169c415e41e8a602e5fc01f542858607e642945,e53e90e9c45570452d324f834eef4469c3bd8816f6b59f2ea9636d3e619f2d00,8,200,2,RECONCILIATION_REQUIRED,OBSERVED_NOT_CANONICALLY_BOUND,HOLD_DAIL_UNBOUND,
canonical_asset_registry,nftcliques.com,nftcliques.com,https://nftcliques.com/,2026-09-04T22:28:17.831427+00:00,200,https://nftcliques.com/,RESPONDING,NFTCliques | Exclusive NFT Communities - Home,c8380e04717c05ec9b7c0fb06816c5b946e1fd2ec7e53ba6435d91d93b920b45,43c09838cb6e137b3a95d8d52542590052f6d4dc0921469e9bf5577f32fd93d3,ea2b246ac01f983e1561640736ce0abfdc6874f432af94d483d6ad0ef954f775,8,404,0,RECONCILIATION_REQUIRED,OBSERVED_NOT_CANONICALLY_BOUND,HOLD_DAIL_UNBOUND,
canonical_asset_registry,ct.asset.domain.orgoteas.com.v1,orgoteas.com,https://orgoteas.com/,2026-09-04T22:30:21.923575+00:00,,https://orgoteas.com/,NETWORK_OR_DNS_ERROR,,e3b0c44298fc1c149afbf4c8996fb92427ae41e4649b934ca495991b7852b855,e3b0c44298fc1c149afbf4c8996fb92427ae41e4649b934ca495991b7852b855,2e028d666725f72fc0339586f326cbe5b609824b8f304e6b21086712a5725cea,1,,0,RECONCILIATION_REQUIRED,OBSERVED_NOT_CANONICALLY_BOUND,HOLD_DAIL_UNBOUND,URLError:<urlopen error [Errno -2] Name or service not known>
vercel_team_inventory_20260904,ct.vercel.project.pentaads-domain-schema-probe,pentaads-domain-schema-probe.vercel.app,https://pentaads-domain-schema-probe.vercel.app/,2026-09-04T22:30:29.716438+00:00,200,https://pentaads-domain-schema-probe.vercel.app/,RESPONDING,,ba9c736f19e7f60b7f6764adb0b7908c0a2b394e09b6c09863528c7f2bc86095,ba9c736f19e7f60b7f6764adb0b7908c0a2b394e09b6c09863528c7f2bc86095,c4bf3f58562fc28a379297a80a4a83a4d42b2dd5cceea6a3e0586ce96daa64a4,1,404,0,RECONCILIATION_REQUIRED,OBSERVED_NOT_CANONICALLY_BOUND,HOLD_DAIL_UNBOUND,
vercel_team_inventory_20260904,ct.vercel.project.pentaads-path-probe,pentaads-path-probe.vercel.app,https://pentaads-path-probe.vercel.app/,2026-09-04T22:30:29.624456+00:00,200,https://pentaads-path-probe.vercel.app/,RESPONDING,,b8c59020d463ccaa9bac12089642e8c1f0fe04c0742d5460c024dd7705101f3d,b8c59020d463ccaa9bac12089642e8c1f0fe04c0742d5460c024dd7705101f3d,5391262fe8cd6921326afcaea02066e9fdc07ac75494abbad13bcafddbccd08e,1,404,0,RECONCILIATION_REQUIRED,OBSERVED_NOT_CANONICALLY_BOUND,HOLD_DAIL_UNBOUND,
vercel_team_inventory_20260904,ct.vercel.project.pentaads-sandbox,pentaads-sandbox.vercel.app,https://pentaads-sandbox.vercel.app/,2026-09-04T22:30:29.815316+00:00,404,https://pentaads-sandbox.vercel.app/,NOT_FOUND,404: NOT_FOUND,56e82133a82b1f108bcb0f9721f8aae06e6d4d5b481ad0be78fbd72ab552773d,683c416b5fd9e8f4b3bd194b0fff67108e5086de6194ca0531448623f2a67bc3,28131d8bb7b37d5a0c1475364c80301571a750365bde32bed476e75236ad4d61,1,200,3,RECONCILIATION_REQUIRED,OBSERVED_NOT_CANONICALLY_BOUND,HOLD_DAIL_UNBOUND,HTTPError:404
vercel_team_inventory_20260904,ct.vercel.project.pentaads-schema-probe,pentaads-schema-probe.vercel.app,https://pentaads-schema-probe.vercel.app/,2026-09-04T22:30:30.164609+00:00,200,https://pentaads-schema-probe.vercel.app/,RESPONDING,PentaAds schema probe,b6e8cb62c583a588874f118813f8b46ca7510e5be13005c9e064935da3b453ef,5edbd64a829c26e8b11a4383a822258fe34752d04134fa90078557cc8c4cbc46,45ebfbc2b170f4418453b00ad4cc25e98553a7e3e18da7a5917316f0e7b06085,1,404,0,RECONCILIATION_REQUIRED,OBSERVED_NOT_CANONICALLY_BOUND,HOLD_DAIL_UNBOUND,
vercel_team_inventory_20260904,ct.vercel.project.pentaads,pentaads.vercel.app,https://pentaads.vercel.app/,2026-09-04T22:30:29.102933+00:00,200,https://pentaads.vercel.app/,RESPONDING,PentaAds — Publisher & Advertiser Self-Serve,de5009fdd1dd523a13e2cb4bc8b7984069f76ce9b95d23294fa28fa6116c653b,15f6941f18991147f85c54efe4305745d807b5ea9cb91c97ec9ca8dc0fb5022a,08ca85de13d034479bddc3446902187bbc2bea24df176722c1027d6a86adcf4b,1,404,0,RECONCILIATION_REQUIRED,OBSERVED_NOT_CANONICALLY_BOUND,HOLD_DAIL_UNBOUND,
vercel_team_inventory_20260904,ct.vercel.project.private-penta-execution,private-penta-execution.vercel.app,https://private-penta-execution.vercel.app/,2026-09-04T22:30:30.494576+00:00,200,https://private-penta-execution.vercel.app/,RESPONDING,,82260e7acf7503d3eab65b9cc1f98c04d648240dfc82a54f568a007353617e51,aa94afb77894881fc192968d0f6ba5eae6d9d03b25ef490057e3aed18a113871,1e948ea3bd0f0049a4ef7918cb4f5a6a4d3656491e0fde04cb102d1f14b326f5,1,404,0,RECONCILIATION_REQUIRED,OBSERVED_NOT_CANONICALLY_BOUND,HOLD_DAIL_UNBOUND,
vercel_team_inventory_20260904,ct.vercel.project.private-penta-os,private-penta-os.vercel.app,https://private-penta-os.vercel.app/,2026-09-04T22:30:26.524174+00:00,200,https://private-penta-os.vercel.app/,RESPONDING,PentaBrain Native Operations | CrownThrive,4d6473158235db96a0ef3f2b712d36029df85e210643922c93013401263e8e1e,3b72b27280d5f6646f1076084ada6797b44eb97db34fbe7e27f3c30ea29971ba,81212cc91c43e8900097396979f63a937fd09567af7c0e5af9178fc5381d28c8,1,404,0,RECONCILIATION_REQUIRED,OBSERVED_NOT_CANONICALLY_BOUND,HOLD_DAIL_UNBOUND,
canonical_asset_registry,ct.asset.domain.raynesbeautysupply.com.v1,raynesbeautysupply.com,https://raynesbeautysupply.com/,2026-09-04T22:30:22.079366+00:00,,https://raynesbeautysupply.com/,NETWORK_OR_DNS_ERROR,,e3b0c44298fc1c149afbf4c8996fb92427ae41e4649b934ca495991b7852b855,e3b0c44298fc1c149afbf4c8996fb92427ae41e4649b934ca495991b7852b855,29ae1f5503b2fa6bc2c3558cb0cf63bc73156d665bf6509878167a322fd2a8b7,1,,0,RECONCILIATION_REQUIRED,OBSERVED_NOT_CANONICALLY_BOUND,HOLD_DAIL_UNBOUND,URLError:<urlopen error [Errno -2] Name or service not known>
canonical_asset_registry,ct.asset.domain.raynesskincare.com.v1,raynesskincare.com,https://raynesskincare.com/,2026-09-04T22:30:21.727463+00:00,,https://raynesskincare.com/,NETWORK_OR_DNS_ERROR,,e3b0c44298fc1c149afbf4c8996fb92427ae41e4649b934ca495991b7852b855,e3b0c44298fc1c149afbf4c8996fb92427ae41e4649b934ca495991b7852b855,1ccc8de05982f9fc12a3f946adb4bcc787793f07d7c010d822d1b7e4f521815c,1,,0,RECONCILIATION_REQUIRED,OBSERVED_NOT_CANONICALLY_BOUND,HOLD_DAIL_UNBOUND,URLError:<urlopen error [Errno -2] Name or service not known>
canonical_asset_registry,ct.asset.surface.web.shopmelaninmagic.com.v1,shopmelaninmagic.com,https://shopmelaninmagic.com/,2026-09-04T22:30:24.907721+00:00,200,https://shopmelaninmagic.com/,RESPONDING,Melanin Magic | A Curated Lifestyle,3e05c3a4a08d00e0f3f94cb724454e4e1f7a2b2dd81657c3dee121a7a638414c,df6a032351fcfc2883fdeb05c16ca79d0ca2487a0486e21032492f4d971529a7,7e30aac65296a6e2e4fbb5917be8e9af36d11d5cedafabb4938ac081ad8469b9,8,200,1,RECONCILIATION_REQUIRED,OBSERVED_NOT_CANONICALLY_BOUND,HOLD_DAIL_UNBOUND,
canonical_asset_registry,socialaily.com,socialaily.com,https://socialaily.com/,2026-09-04T22:27:56.046764+00:00,200,https://socialaily.com/,RESPONDING,SocialAIly | SocialAIly - AI-Powered Social Media Management Platform,a1e8bc9f8c1ad1acd388407108a197781a0c90b442fd44b5c4cfda0ff6a001be,debbc7733ed4c90b75d671afefd1f70dc39063865b24436b3b368d64e5dbc56b,c1e945bf4dab26b0c252b0221db073722a03a518678187a85737425ec5c17b01,8,404,0,RECONCILIATION_REQUIRED,OBSERVED_NOT_CANONICALLY_BOUND,HOLD_DAIL_UNBOUND,
canonical_asset_registry,domain:sprint.crownthrive.io,sprint.crownthrive.io,https://sprint.crownthrive.io/,2026-09-04T22:30:16.257504+00:00,200,https://sprint.crownthrive.io/,RESPONDING,Spryn — Execution Board for Serious Teams,2adc62d91c4422d46a082f671f3f8eb82ef1cfa727bc2fb593c50ceee02a3cab,e2b8ceac9c76951062e2f9045d40f92d919f47c9ea2eea7bff618d74d59886a7,02d06e5aece37fb2e680cab3a724a9eac1b166a47c2b85551edb0e87b76a4fa2,1,200,3,RECONCILIATION_REQUIRED,OBSERVED_NOT_CANONICALLY_BOUND,HOLD_DAIL_UNBOUND,
canonical_asset_registry,stonkcliques.com,stonkcliques.com,https://stonkcliques.com/,2026-09-04T22:28:57.378467+00:00,,https://stonkcliques.com/,NETWORK_OR_DNS_ERROR,,e3b0c44298fc1c149afbf4c8996fb92427ae41e4649b934ca495991b7852b855,e3b0c44298fc1c149afbf4c8996fb92427ae41e4649b934ca495991b7852b855,88b165c3df1a2a055c49c95d18a4f28c88e2ab91b666d81bec848f4b3ce04fff,1,,0,RECONCILIATION_REQUIRED,OBSERVED_NOT_CANONICALLY_BOUND,HOLD_DAIL_UNBOUND,URLError:<urlopen error _ssl.c:993: The handshake operation timed out>
canonical_asset_registry,stonklist.com,stonklist.com,https://stonklist.com/,2026-09-04T22:29:02.369643+00:00,,https://stonklist.com/,NETWORK_OR_DNS_ERROR,,e3b0c44298fc1c149afbf4c8996fb92427ae41e4649b934ca495991b7852b855,e3b0c44298fc1c149afbf4c8996fb92427ae41e4649b934ca495991b7852b855,9617c374690d75ae13af1de007658b0fd0fc093c9bf7e5e210894fe417a31f8a,1,,0,RECONCILIATION_REQUIRED,OBSERVED_NOT_CANONICALLY_BOUND,HOLD_DAIL_UNBOUND,URLError:<urlopen error timed out>
canonical_asset_registry,tamegallery.com,tamegallery.com,https://tamegallery.com/,2026-09-04T22:29:24.872829+00:00,,https://tamegallery.com/,NETWORK_OR_DNS_ERROR,,e3b0c44298fc1c149afbf4c8996fb92427ae41e4649b934ca495991b7852b855,e3b0c44298fc1c149afbf4c8996fb92427ae41e4649b934ca495991b7852b855,88f1faae019440346d127d3bc4c93c823270d14bf47d5a6b7942204264f43ccb,1,,0,RECONCILIATION_REQUIRED,OBSERVED_NOT_CANONICALLY_BOUND,HOLD_DAIL_UNBOUND,URLError:<urlopen error [Errno -3] Temporary failure in name resolution>
canonical_asset_registry,tearsofdefeat.com,tearsofdefeat.com,https://tearsofdefeat.com/,2026-09-04T22:28:30.939468+00:00,,https://tearsofdefeat.com/,NETWORK_OR_DNS_ERROR,,e3b0c44298fc1c149afbf4c8996fb92427ae41e4649b934ca495991b7852b855,e3b0c44298fc1c149afbf4c8996fb92427ae41e4649b934ca495991b7852b855,b5ade4a85b93e5fe075369e7646475cae575a168c46a71b50e2179477d30f9db,1,,0,RECONCILIATION_REQUIRED,OBSERVED_NOT_CANONICALLY_BOUND,HOLD_DAIL_UNBOUND,URLError:<urlopen error [Errno -3] Temporary failure in name resolution>
canonical_asset_registry,thelmarket.com,thelmarket.com,https://thelmarket.com/,2026-09-04T22:28:35.856541+00:00,,https://thelmarket.com/,NETWORK_OR_DNS_ERROR,,e3b0c44298fc1c149afbf4c8996fb92427ae41e4649b934ca495991b7852b855,e3b0c44298fc1c149afbf4c8996fb92427ae41e4649b934ca495991b7852b855,5b7350709461829d74f254eabb56773f2025a208425e6df75be15ddb0ce2e7ad,1,,0,RECONCILIATION_REQUIRED,OBSERVED_NOT_CANONICALLY_BOUND,HOLD_DAIL_UNBOUND,URLError:<urlopen error [Errno -3] Temporary failure in name resolution>
canonical_asset_registry,themaneexperience.com,themaneexperience.com,https://themaneexperience.com/,2026-09-04T22:29:24.881266+00:00,200,https://themaneexperience.com/,RESPONDING,The Mane Experience: The First Digital Lifestyle Magazine Powered by Its Members,5cd5177b7ac88ce8090fe6fce061a43d9faeb6033de0489b5b79935e66b085f2,d1aa4fd0f9407c9c45a0e2c3a00a1c90117b1fc011520463dc3f682ec526636b,4d05e3ae29dfee21c7336fc3d2c27547a275ac7f62412e8df57a8293df9c4562,8,404,1,RECONCILIATION_REQUIRED,OBSERVED_NOT_CANONICALLY_BOUND,HOLD_DAIL_UNBOUND,
canonical_asset_registry,thetamegallery.com,thetamegallery.com,https://thetamegallery.com/,2026-09-04T22:29:16.605667+00:00,,https://thetamegallery.com/,NETWORK_OR_DNS_ERROR,,e3b0c44298fc1c149afbf4c8996fb92427ae41e4649b934ca495991b7852b855,e3b0c44298fc1c149afbf4c8996fb92427ae41e4649b934ca495991b7852b855,b403493cc86ec111343cdb9ed0ad5821d807dd33c143420a3cd431a987d026ca,1,,0,RECONCILIATION_REQUIRED,OBSERVED_NOT_CANONICALLY_BOUND,HOLD_DAIL_UNBOUND,URLError:<urlopen error [Errno -3] Temporary failure in name resolution>
canonical_asset_registry,thezazabar.xyz,thezazabar.xyz,https://thezazabar.xyz/,2026-09-04T22:27:46.406809+00:00,,https://thezazabar.xyz/,CRAWLER_EXCEPTION,,e3b0c44298fc1c149afbf4c8996fb92427ae41e4649b934ca495991b7852b855,e3b0c44298fc1c149afbf4c8996fb92427ae41e4649b934ca495991b7852b855,21ebec9f10c9696f202924ce52ecf353f04bd95d9e0f21ec4852ecdc9a5189e7,0,,0,RECONCILIATION_REQUIRED,OBSERVED_NOT_CANONICALLY_BOUND,HOLD_DAIL_UNBOUND,ValueError:unknown url type: '/sitemap.xml'
canonical_asset_registry,thrivealumni.com,thrivealumni.com,https://thrivealumni.com/,2026-09-04T22:28:01.880259+00:00,200,https://thrivealumni.com/,RESPONDING,ThriveAlumni | Unite. Build. Thrive - Home,3c826603468bdf0d817186677daa7618eb5545105587e184d3c8f17833135180,bb4bb77a884d22d5657adf2becc653bc569406f87f1648f311ef848bd3e448a6,4cdaf1fa276ee676f840cb5576e95c50702f4f6dd76cb0e0e42e9b01472841e3,8,200,0,RECONCILIATION_REQUIRED,OBSERVED_NOT_CANONICALLY_BOUND,HOLD_DAIL_UNBOUND,
vercel_team_inventory_20260904,ct.vercel.project.thrivebeacons-config-probe-20260830,thrivebeacons-config-probe-20260830.vercel.app,https://thrivebeacons-config-probe-20260830.vercel.app/,2026-09-04T22:30:30.378243+00:00,404,https://thrivebeacons-config-probe-20260830.vercel.app/,NOT_FOUND,404: NOT_FOUND,60e2efb427b4098b50813686c399b3f568defc3015a06c082380b5201578dec8,8ce6f355da9bba360aa52c26ea5ac8c94436d1c17c734c8e94232bb63f897a8a,c6799318857b70ed42b2b9f8b30215701b8ccc494f8d8f926bebac711b326b8c,1,404,0,RECONCILIATION_REQUIRED,OBSERVED_NOT_CANONICALLY_BOUND,HOLD_DAIL_UNBOUND,HTTPError:404
vercel_team_inventory_20260904,ct.vercel.project.thrivebeacons,thrivebeacons.vercel.app,https://thrivebeacons.vercel.app/,2026-09-04T22:30:29.580061+00:00,500,https://thrivebeacons.vercel.app/,SERVER_ERROR,,c4afddfe94c5f506d8cec6fb6f8eafc53e5c1bf47e02e5a7f026328d29e51325,f1193deec5f70d5cb8e11be18f352b660769782565708be37768c055ba934ec4,a1049202cd1382da67a01166a6b2a42752a4e3ac3ffbbdc8d7a957e82fcc1fe7,1,500,0,RECONCILIATION_REQUIRED,OBSERVED_NOT_CANONICALLY_BOUND,HOLD_DAIL_UNBOUND,HTTPError:500
canonical_asset_registry,thrivebookings.com,thrivebookings.com,https://thrivebookings.com/,2026-09-04T22:30:03.846531+00:00,,https://thrivebookings.com/,NETWORK_OR_DNS_ERROR,,e3b0c44298fc1c149afbf4c8996fb92427ae41e4649b934ca495991b7852b855,e3b0c44298fc1c149afbf4c8996fb92427ae41e4649b934ca495991b7852b855,50eb8fadcd498395dc53f42724fd1d59a40c7e83dc3f13e661c309a2204595f7,1,,0,RECONCILIATION_REQUIRED,OBSERVED_NOT_CANONICALLY_BOUND,HOLD_DAIL_UNBOUND,URLError:<urlopen error [Errno -3] Temporary failure in name resolution>
canonical_asset_registry,thrivelnk.io,thrivelnk.io,https://thrivelnk.io/,2026-09-04T22:30:06.785502+00:00,200,https://thrivelnk.io/,RESPONDING,CrownThrive IO: Empower Your Digital Presence | CrownThrive IO | Your Gateway to Streamlined Digital Growth,19ef85831228edc25a9bfaaaea5a3837b906372398100da37644f1581f5d4b51,7ba8faf3177cbcc17474605ad5d7f36e66117935e8410ff03a226525498b2a30,8174bc1347e648a82f4f62659ccb81169e70656dee4e5befdc887b4a794d1f33,1,200,3,RECONCILIATION_REQUIRED,OBSERVED_NOT_CANONICALLY_BOUND,HOLD_DAIL_UNBOUND,
canonical_asset_registry,thrivepeer.com,thrivepeer.com,https://thrivepeer.com/,2026-09-04T22:29:09.278330+00:00,200,https://thrivepeer.com/,RESPONDING,ThrivePeer • Home • Connect With World Class Mentors,5661219345c77405a6d514803e0a8a7f1df58f283368b3c97983740030e3df39,fcd4c9c20dbc1db5564162c1e0ce55939f4dc9db995efc1616a8ef562bf7e2c0,ad63a6e94614b717750d1c7a30806b92ca1122d43e1862b4b244384e32f0039e,8,404,2,RECONCILIATION_REQUIRED,OBSERVED_NOT_CANONICALLY_BOUND,HOLD_DAIL_UNBOUND,
canonical_asset_registry,thrivepeers.com,thrivepeers.com,https://thrivepeers.com/,2026-09-04T22:29:46.545541+00:00,,https://thrivepeers.com/,NETWORK_OR_DNS_ERROR,,e3b0c44298fc1c149afbf4c8996fb92427ae41e4649b934ca495991b7852b855,e3b0c44298fc1c149afbf4c8996fb92427ae41e4649b934ca495991b7852b855,bf66f0cb747c2ce273f475540dc10406ba6d0ab7f0240acff8e41c8fc1306305,1,,0,RECONCILIATION_REQUIRED,OBSERVED_NOT_CANONICALLY_BOUND,HOLD_DAIL_UNBOUND,URLError:<urlopen error [Errno -3] Temporary failure in name resolution>
canonical_asset_registry,domain:thrivepush.io,thrivepush.io,https://thrivepush.io/,2026-09-04T22:29:32.073949+00:00,200,https://thrivepush.io/,RESPONDING,"ThrivePush Web Notifications – Engage, Automate, Convert | ThrivePush | Drive Conversions with Personalized Push Notifications",ab55e112f673ec68270fa24e04718c4d548745b87271fef2f0dee685c00447bd,3955e3603be702a296b2795fc3c1aac10a8dae25f74c15eeebf7a00d9c76820d,8a09c68611fbaa18146fa777ec8dcfdf69195a8f0d1a91c4e919d3d62b15d659,8,200,3,RECONCILIATION_REQUIRED,OBSERVED_NOT_CANONICALLY_BOUND,HOLD_DAIL_UNBOUND,
canonical_asset_registry,thriverelay.com,thriverelay.com,https://thriverelay.com/,2026-09-04T22:30:18.182006+00:00,404,https://thriverelay.com/,NOT_FOUND,404 Not Found,4c13d452dd5d49671bd93ca32f2b4f85c78e39b6ab0ad1f38d98ed267f8fd896,9700dfc002085349fed459bbf40e017f92600723f71b61924e38bf2780df3592,ab3bc1cb3f11a7c9ae5825fd2e012156880fc3e7cb89af273479e4629ad6acea,1,404,0,RECONCILIATION_REQUIRED,OBSERVED_NOT_CANONICALLY_BOUND,HOLD_DAIL_UNBOUND,HTTPError:404
canonical_asset_registry,thriveseat.com,thriveseat.com,https://thriveseat.com/,2026-09-04T22:28:06.858036+00:00,200,https://thriveseat.com/,RESPONDING,ThriveSeat,cfd77e39253d86393d412693363b6e2732ae4dc66ff4addcf205646eaff29d3a,aa6f8039e042514e17f3ed4cda51e328432a4afafa572a42a70e4059b256101a,d16807aa2508b89b1a97b803f3b2cebe6fbe37b1ca12011a1ff0612773b3f632,8,200,0,RECONCILIATION_REQUIRED,OBSERVED_NOT_CANONICALLY_BOUND,HOLD_DAIL_UNBOUND,
canonical_asset_registry,thrivetickets.com,thrivetickets.com,https://thrivetickets.com/,2026-09-04T22:29:45.926252+00:00,200,https://thrivetickets.com/,RESPONDING,"ThriveTickets connects creators, brands, and communities with a powerful event and ticketing platform built inside the CrownThrive Convergent Ecosystem. Host events, sell tickets, build audiences, and plug directly into the Hybrid Incubator, Thrive Flywheel, CrownRewards, and more. | ThriveTickets |",b95c2672408022291a705c4a827e0972a3c46ef5017aa3a42ddceb49387eba5a,2eae89994904cb6668854dc655456655664a575987792c66e4f8b89f138ec7ff,5acf456887ccc77fb69d25c8ffc5b97a9b1dcff3f9e90097ebea2146cb8b7193,8,404,1,RECONCILIATION_REQUIRED,OBSERVED_NOT_CANONICALLY_BOUND,HOLD_DAIL_UNBOUND,
canonical_asset_registry,thrivetools.io,thrivetools.io,https://thrivetools.io/,2026-09-04T22:29:33.660935+00:00,200,https://thrivetools.io/,RESPONDING,ThriveTools: Advanced Online Tools for Every Need | ThriveTools | Your All-in-One Suite for Digital Productivity,dfd84efcced9cc413d83c831b2993fecb87b1e5881399a75e05a2f17f6e10635,ee0714d0fbbddebe32f0bbf9b0bbe3cee86db17c63f59c23d1c07d20e354b8d6,51a7b8f5d7c9a69a24cd1d978b9e46d1ba528556717b7fced67437f9e2e8d390,8,200,3,RECONCILIATION_REQUIRED,OBSERVED_NOT_CANONICALLY_BOUND,HOLD_DAIL_UNBOUND,
canonical_asset_registry,thrivetravels.com,thrivetravels.com,https://thrivetravels.com/,2026-09-04T22:29:59.522015+00:00,,https://thrivetravels.com/,NETWORK_OR_DNS_ERROR,,e3b0c44298fc1c149afbf4c8996fb92427ae41e4649b934ca495991b7852b855,e3b0c44298fc1c149afbf4c8996fb92427ae41e4649b934ca495991b7852b855,1e65545a62399374106518f0f07ac7e30cfee4e42e41d87047b1b30039f0c57f,1,,0,RECONCILIATION_REQUIRED,OBSERVED_NOT_CANONICALLY_BOUND,HOLD_DAIL_UNBOUND,URLError:<urlopen error [Errno -3] Temporary failure in name resolution>
canonical_asset_registry,ct.virality.surface.proof-center,virality-music.crownthrive.chatgpt.site,https://virality-music.crownthrive.chatgpt.site/,2026-09-04T22:30:20.516120+00:00,200,https://virality-music.crownthrive.chatgpt.site/,RESPONDING,Virality Music by CrownThrive | Music Built as Worlds,b6ea94c6fc689557a18d8bf5756495454a5b74a5f3b13b80b2acea661269bbfa,874bc6f8ee2ec0db697f1340756389b9efb0e6b98c0f3d530c3c629874afbc2c,4f81eeb9bcb75e8ced9f9c6734d0f4b925284970745e60a9f6504d5c635a7608,8,200,12,RECONCILIATION_REQUIRED,OBSERVED_NOT_CANONICALLY_BOUND,HOLD_DAIL_UNBOUND,
canonical_asset_registry,domain:vm.crownthrive.com,vm.crownthrive.com,https://vm.crownthrive.com/,2026-09-04T22:30:16.562874+00:00,200,https://vm.crownthrive.com/,RESPONDING,Virality Music by CrownThrive | Music Built as Worlds,a0e0a577f07e1bec171629b71051211c17cb945255bbf7cfe1804b06b87ba684,05231f09df4f03550d8639598e64dd7f60a92703742b16cad7e0e61a792bd02b,bd25921e082896d09e2f383243e6b5b3e20b0ee3bc246f0b0799af35249cd3ca,8,200,11,RECONCILIATION_REQUIRED,OBSERVED_NOT_CANONICALLY_BOUND,HOLD_DAIL_UNBOUND,
canonical_asset_registry,site:crownthrive.com:faq,www.crownthrive.com,https://www.crownthrive.com/,2026-09-04T22:30:26.928603+00:00,200,https://www.crownthrive.com/,RESPONDING,CrownThrive | One Seat. Multiple Industries. - Welcome Back!,dacd2b2ae5570d9fc5d372f909b6d8aab42327d1edd7966bf9dba54f396c9aa2,cc70a339268527c1761f653294b29f0db63a28585c9bace0966ddd92091efe4f,edf2abc288174db2a8383d3089feac75624262b59006a90c0f8a2cad357b69fe,8,200,0,RECONCILIATION_REQUIRED,OBSERVED_NOT_CANONICALLY_BOUND,HOLD_DAIL_UNBOUND,
